./img/1922056.jpg,81.78385558737952,75.6145776504819,73.23147390434625
./img/スクリーンショット 2021-06-11 22.16.42.png,133.35353298795923,114.60822865658932,99.5889480282923
./img/スクリーンショット 2021-05-25 16.26.19.png,105.2155238022624,139.29008123544415,172.5531884218698
./img/スクリーンショット 2021-05-10 12.59.17.png,154.54148076200025,140.96647606216317,131.08401272089233
./img/スクリーンショット 2021-04-13 10.42.17.png,129.54843333126513,128.75000654933024,126.32367548413339
./img/スクリーンショット 2020-12-10 11.51.45.png,160.335402478458,141.36497266229503,136.42657658471376
./img/image0.jpg,233.13912842075257,233.1271994657373,233.12620841302828
./img/W7OBABTR1MB8VYAKCBHXMRDQ4BAUSXNJ_0 (1).jpg,220.91792025862068,214.81303879310346,211.58221174568965
./img/image0.jpg,233.13912842075257,233.1271994657373,233.12620841302828
./img/W7OBABTR1MB8VYAKCBHXMRDQ4BAUSXNJ_0 (1).jpg,220.91792025862068,214.81303879310346,211.58221174568965
./img/W7OBABTR1MB8VYAKCBHXMRDQ4BAUSXNJ_0 (1).jpg,220.91792025862068,214.81303879310346,211.58221174568965
./img/W7OBABTR1MB8VYAKCBHXMRDQ4BAUSXNJ_0 (1).jpg,220.91792025862068,214.81303879310346,211.58221174568965
./img/W7OBABTR1MB8VYAKCBHXMRDQ4BAUSXNJ_0 (1).jpg,220.91792025862068,214.81303879310346,211.58221174568965
./img/スクリーンショット 2021-06-25 14.47.58.png,246.47519623637484,246.82526607595804,250.03974750634126
./img/image0.jpg,233.13912842075257,233.1271994657373,233.12620841302828
./img/W7OBABTR1MB8VYAKCBHXMRDQ4BAUSXNJ_0 (1).jpg,220.91792025862068,214.81303879310346,211.58221174568965
./img/W7OBABTR1MB8VYAKCBHXMRDQ4BAUSXNJ_0 (1).jpg,220.91792025862068,214.81303879310346,211.58221174568965
./img/W7OBABTR1MB8VYAKCBHXMRDQ4BAUSXNJ_0 (1).jpg,220.91792025862068,214.81303879310346,211.58221174568965
./img/image0.jpg,233.13912842075257,233.1271994657373,233.12620841302828
./img/image0.jpg,233.13912842075257,233.1271994657373,233.12620841302828
./img/W7OBABTR1MB8VYAKCBHXMRDQ4BAUSXNJ_0.jpg,220.86174030172413,214.4887311422414,210.3296686422414
./img/W7OBABTR1MB8VYAKCBHXMRDQ4BAUSXNJ_0.jpg,220.86174030172413,214.4887311422414,210.3296686422414
./img/image0.jpg,233.13912842075257,233.1271994657373,233.12620841302828
./img/W7OBABTR1MB8VYAKCBHXMRDQ4BAUSXNJ_0.jpg,220.86174030172413,214.4887311422414,210.3296686422414
./img/W7OBABTR1MB8VYAKCBHXMRDQ4BAUSXNJ_0 (1).jpg,220.91792025862068,214.81303879310346,211.58221174568965
./img/image0.jpg,233.13912842075257,233.1271994657373,233.12620841302828
./img/image0.jpg,233.13912842075257,233.1271994657373,233.12620841302828
./img/W7OBABTR1MB8VYAKCBHXMRDQ4BAUSXNJ_0.jpg,220.86174030172413,214.4887311422414,210.3296686422414
./img/アイカツ.jpg,220.91792025862068,214.81303879310346,211.58221174568965
./img/W7OBABTR1MB8VYAKCBHXMRDQ4BAUSXNJ_0.jpg,220.86174030172413,214.4887311422414,210.3296686422414
./img/W7OBABTR1MB8VYAKCBHXMRDQ4BAUSXNJ_0.jpg,220.86174030172413,214.4887311422414,210.3296686422414
./img/アイカツ.jpg,220.91792025862068,214.81303879310346,211.58221174568965
